bus,x,y,distance_km,kvBase,kvLL,pu_a,pu_b,pu_c
24ab4116-d257-41b1-960b-481ced9684f1,34.67381297784516,-82.83387399502244,,7.199557856794634,"[-3.879860582509614e-06, -0.9999963651155663, -0.8660203158955677, 0.5000015425180347, 0.8660241957561502, 0.49999482259753164]",0.999996365090581,0.999996365090567,0.9999963650905805
5ff9a8dc-e808-48b4-9a51-b4ef0c8aae7d_ht,34.67142844006256,-82.83477149251003,0.7602918934965317,7.199557856794634,"[-0.00027045514140809976, -0.9997286629688739, -0.8656551913977066, 0.5000985524103292, 0.8659256465391147, 0.4996301105585448]",0.9997286995220365,0.9997286995171798,0.9997286995224332
5ff9a8dc-e808-48b4-9a51-b4ef0c8aae7d,34.67142844006256,-82.83477149251003,0.7602918934965317,0.27712812921102037,"[-0.0019269659611190685, -0.9988328229152372, -0.8640511157435189, 0.50108521283527, 0.865978081704638, 0.49774761007996726]",0.9988346816519156,0.9988346816473735,0.9988346816522214
ef7e1cf1-f33b-4256-8a55-ad94fbc7a080_ht,34.67551168121881,-82.83640638869831,1.1580095527169207,7.199557856794634,"[-0.00035347771532566604, -0.9996403654908681, -0.8655372122524224, 0.5001263033294489, 0.865890689967748, 0.4995140621614193]",0.9996404279580192,0.999640427951432,0.9996404279578216
ef7e1cf1-f33b-4256-8a55-ad94fbc7a080,34.67551168121881,-82.83640638869831,1.1580095527169207,0.27712812921102037,"[-0.016985030726485443, -0.9901938329908542, -0.8490404986262767, 0.5098063844915205, 0.8660255293527622, 0.4803874484993337]",0.9903394963879064,0.9903394963813765,0.9903394963876947
c06e8b04-406c-4505-9a7d-caa26d521809_ht,34.67669887200241,-82.83743246016078,1.3716154160890617,7.199557856794634,"[-0.0003698466142221095, -0.9996240677093096, -0.8655149135108751, 0.5001323303214077, 0.8658847601250972, 0.4994917373879018]",0.9996241360996733,0.9996241360931729,0.9996241361008268
c06e8b04-406c-4505-9a7d-caa26d521809,34.67669887200241,-82.83743246016078,1.3716154160890617,0.27712812921102037,"[-0.010341106662442397, -0.9941087123921055, -0.855752845672421, 0.506010017172316, 0.8660939523348633, 0.48809869521978955]",0.9941624970216439,0.9941624970151822,0.9941624970227857
18df96d8-a15c-4473-95ae-8731c654a42a_ht,34.676417546435694,-82.8378931567427,1.3191121169081552,7.199557856794634,"[-0.000367947362051896, -0.9996261828787393, -0.8655176949273777, 0.5001317431054727, 0.8658856422894298, 0.49949443977326663]",0.9996262505681415,0.9996262505615645,0.9996262505690786
18df96d8-a15c-4473-95ae-8731c654a42a,34.676417546435694,-82.8378931567427,1.3191121169081552,0.27712812921102037,"[-0.010666166677021494, -0.9939228448119778, -0.8554293496190009, 0.5061985936126054, 0.8660955162960223, 0.4877242511993724]",0.9939800744956108,0.9939800744890727,0.9939800744965377
8d61ce66-3ce3-48f6-8819-7aacd2c1c768_ht,34.67396353553774,-82.83529037045611,1.0313097714115087,7.199557856794634,"[-0.0003448569420668466, -0.999649073918029, -0.8655490643581114, 0.5001231917345004, 0.8658939213001783, 0.49952588218352856]",0.999649133373068,0.9996491333671743,0.9996491333732813
8d61ce66-3ce3-48f6-8819-7aacd2c1c768,34.67396353553774,-82.83529037045611,1.0313097714115087,0.27712812921102037,"[-0.0320469245545155, -0.9809665741568049, -0.8335185111565449, 0.5182367377588739, 0.8655654357110604, 0.46272983639793097]",0.9814899005748852,0.9814899005690864,0.9814899005750616
19d1eb19-8c54-4ed6-96d5-f236737eb4a8_ht,34.67795672311708,-82.83686899100991,0.8774103444026664,7.199557856794634,"[-0.0003565775297710284, -0.9996147513328973, -0.8655134798317426, 0.500116180767803, 0.8658700573615136, 0.4994985705650944]",0.9996148149034486,0.9996148148983847,0.9996148148957704
19d1eb19-8c54-4ed6-96d5-f236737eb4a8,34.67795672311708,-82.83686899100991,0.8774103444026664,0.27712812921102037,"[-0.016688826721672653, -0.9903798276892692, -0.8493496767605094, 0.509642861647115, 0.8660385034821821, 0.48073696604215427]",0.9905204288538287,0.9905204288488116,0.9905204288462105
fde6c6f0-66f1-43ee-94bb-65c3f330bd74_ht,34.67900036655315,-82.836604940945,0.7591322182614095,7.199557856794634,"[-0.0003495592676762832, -0.9996226327949831, -0.865523814509232, 0.5001140435056185, 0.8658733737769083, 0.49950858928936465]",0.9996226938860698,0.9996226938811653,0.9996226938786362
fde6c6f0-66f1-43ee-94bb-65c3f330bd74,34.67900036655315,-82.836604940945,0.7591322182614095,0.27712812921102037,"[-0.0046428215002724356, -0.997285518384876, -0.8613531829427898, 0.5026635604590985, 0.8659960044430624, 0.4946219579257774]",0.9972963255303393,0.9972963255254506,0.9972963255229425
1e49a5a7-cec4-415a-8ea3-33f157d3592a_ht,34.67708855909302,-82.83382688718363,1.046220824433598,7.199557856794634,"[-0.00041799333896416795, -0.9995420020400355, -0.8654197691915487, 0.5001329937729164, 0.8658377625305129, 0.4994090082671191]",0.9995420894125122,0.9995420894077078,0.999542089401933
1e49a5a7-cec4-415a-8ea3-33f157d3592a,34.67708855909302,-82.83382688718363,1.046220824433598,0.27712812921102037,"[-0.0016160630640669046, -0.9988951561829189, -0.8642605493845537, 0.5008471296618038, 0.8658766124486206, 0.4980480265211152]",0.9988964634295636,0.9988964634247643,0.9988964634189913
55b8b78c-31cd-4574-90aa-bf37208faea1_ht,34.67765914566613,-82.8346702555593,0.9463186686378073,7.199557856794634,"[-0.0004174726726088093, -0.9995423614661428, -0.865420340796888, 0.5001327225755957, 0.8658378134694967, 0.4994096388905471]",0.9995424486208938,0.9995424486160157,0.9995424486107118
55b8b78c-31cd-4574-90aa-bf37208faea1,34.67765914566613,-82.8346702555593,0.9463186686378073,0.27712812921102037,"[-0.03169328866774172, -0.9825958531198367, -0.8351063260699546, 0.5187451195782409, 0.8667996147376963, 0.4638507335415959]",0.983106848243346,0.9831068482385386,0.9831068482332904
79b5b874-4748-484a-9185-e5d5b14abc7d_ht,34.676951937809214,-82.83543373770121,0.84119622814085,7.199557856794634,"[-0.00040156354566282365, -0.9995609466658174, -0.865444390615477, 0.5001282374671935, 0.8658459541611397, 0.49943270919862404]",0.9995610273008435,0.9995610272957507,0.9995610272914904
79b5b874-4748-484a-9185-e5d5b14abc7d,34.676951937809214,-82.83543373770121,0.84119622814085,0.27712812921102037,"[-0.03254648427629222, -0.9822478693686347, -0.8343783654972114, 0.5193100167738749, 0.8669248497735036, 0.4629378525947599]",0.982786930349488,0.9827869303444657,0.9827869303402652
dcde0bfe-3a3d-4ff8-8a75-7cc11b4d34a1_ht,34.67877523758875,-82.8353188693331,0.6386552777201548,7.199557856794634,"[-0.00034024981579433626, -0.9996324587119063, -0.8655369787288305, 0.5001108942423278, 0.865877228544625, 0.49952156446957857]",0.9996325165902284,0.9996325165853622,0.9996325165830687
dcde0bfe-3a3d-4ff8-8a75-7cc11b4d34a1,34.67877523758875,-82.8353188693331,0.6386552777201548,0.27712812921102037,"[-0.016065616383691566, -0.9907908946414937, -0.8500172763527419, 0.5093086791387386, 0.8660828927364335, 0.4814822155027551]",0.990921137568193,0.990921137563357,0.9909211375610624
ff4e789f-8cc0-412d-801f-775a88fd5d87_ht,34.67561267428637,-82.83402572986128,0.26834204583965,7.199557856794634,"[-0.00017598884616031605, -0.9998149374010413, -0.8657771403934288, 0.5000598794142298, 0.8659531292395892, 0.4997550579868116]",0.9998149528597785,0.9998149528566966,0.9998149528564357
ff4e789f-8cc0-412d-801f-775a88fd5d87,34.67561267428637,-82.83402572986128,0.26834204583965,0.27712812921102037,"[-0.008674704657983116, -0.9951369250797193, -0.8574765049791255, 0.5050809770461356, 0.8661512096371087, 0.49005594803358365]",0.9951747334504919,0.9951747334474246,0.995174733447161
4cb1e7c3-c716-481d-a9cc-7b522f1ad926_ht,34.67346486133547,-82.83225339945567,0.2717373458777537,7.199557856794634,"[-0.0001164370385421299, -0.9998795382332191, -0.8658628622592346, 0.5000406064523851, 0.8659792992977767, 0.4998389317808339]",0.9998795449818575,0.999879544979335,0.9998795449807678
4cb1e7c3-c716-481d-a9cc-7b522f1ad926,34.67346486133547,-82.83225339945567,0.2717373458777537,0.27712812921102037,"[-0.017706075792397215, -0.9899339027664067, -0.8484548699135369, 0.5103008627232013, 0.8661609457059342, 0.4796330400432055]",0.990092236564638,0.9900922365621473,0.9900922365635532
3d69988e-d438-41d1-8509-a035e81e2f4e_ht,34.67381397784516,-82.83387299502245,0.0001438958602881815,7.199557856794634,"[-3.895641482685151e-06, -0.9999963459250811, -0.86602029138567, 0.5000015465894525, 0.8660241870271527, 0.4999947993356286]",0.9999963459001573,0.9999963459001432,0.9999963459001566
3d69988e-d438-41d1-8509-a035e81e2f4e,34.67381397784516,-82.83387299502245,0.0001438958602881815,0.27712812921102037,"[-0.03127458572725601, -0.9814962548246484, -0.8343633974815757, 0.5178327130474305, 0.8656379832088317, 0.4636635417772179]",0.9819943980922501,0.9819943980922238,0.9819943980921992
51e400dd-7c7c-4f5a-89da-c0f4ea619a3a,34.671427440062565,-82.83477249251003,0.7604357909963193,0.27712812921102037,"[-0.0019274758149778156, -0.9988322493765113, -0.8640503641174827, 0.5010853676123012, 0.8659778399324605, 0.4977468817642102]",0.9988341090980047,0.9988341090934629,0.9988341090983106
64aced96-2084-4e76-adcb-c62b326a9160,34.675888734269435,-82.83644572701454,1.1999928829947197,0.27712812921102037,"[-0.019878124574556347, -0.9882066179996786, -0.8458729730374894, 0.5113182697639329, 0.8657510976120458, 0.4768883482357457]",0.9884065254941389,0.9884065254871836,0.9884065254939713
93a748b0-12e1-46b5-ae71-8db863f5527e,34.675888734269435,-82.83599583993619,1.2412235325853858,0.27712812921102037,"[-0.021326637377789302, -0.9872110490460781, -0.8442865286310298, 0.5120749341724585, 0.8656131660088191, 0.47513611487361956]",0.9874413809260639,0.9874413809188959,0.9874413809259183
a16ea384-8006-4c87-8506-1c3e7fcd55e9,34.675888734269435,-82.83554595285784,1.2824541821760518,0.27712812921102037,"[-0.02277514828034756, -0.9862154773182442, -0.8427000827723509, 0.5128315955478351, 0.8654752310526985, 0.4733838817704091]",0.986478420963252,0.9864784209558719,0.9864784209631298
38360e68-8bfd-42b0-8464-b194c6e1dc1d,34.675888734269435,-82.83689561409288,1.2412235325853858,0.27712812921102037,"[-0.02127083512388115, -0.9872505947250869, -0.8443486773206081, 0.5120463808424893, 0.8656195124444892, 0.47520421388259754]",0.9874797137949545,0.9874797137877953,0.9874797137948093
cf58f485-69e7-4aa0-8336-7281d0779549,34.67543884719109,-82.83689561409288,1.2911315973527246,0.27712812921102037,"[-0.022514079152412828, -0.9863965406752183, -0.8429874228031176, 0.5126960347293834, 0.8655015019555303, 0.47370050594583485]",0.9866534443060446,0.9866534442987042,0.98665344430592
aeadcd37-355f-4dd5-b765-7f68478228a0,34.67498896011274,-82.83689561409288,1.3410396584302664,0.27712812921102037,"[-0.022670527953955973, -0.9862890141837792, -0.8428160777292011, 0.5127777601201942, 0.865486605683157, 0.4735112540635852]",0.9865495285499916,0.9865495285426283,0.9865495285498693
9198bd4c-8e28-4ef6-8649-f795662f7e47,34.67498896011274,-82.83644572701454,1.3822707539216512,0.27712812921102037,"[-0.02279977462027573, -0.9862001790800635, -0.8426745209394928, 0.5128452734647255, 0.8654742955597686, 0.47335490561533805]",0.9864636956752103,0.9864636956678282,0.9864636956750901
ae567475-3545-497c-be4e-e6840d81ed46,34.67676039223163,-82.83779866451812,1.4231117417144417,0.27712812921102037,"[-0.010670177252980296, -0.9937316169826462, -0.8552617361729618, 0.5061064529586499, 0.8659319134259421, 0.48762516402399636]",0.993788900731493,0.9937889007248992,0.9937889007326249
f7166f81-0227-4186-aae6-5131a81df5a3,34.677210279309975,-82.83779866451812,1.4730198173227895,0.27712812921102037,"[-0.010775701134293018, -0.9936108153325008, -0.8551043569344773, 0.5061374384955063, 0.8658800580687703, 0.4874733768369946]",0.9936692447813059,0.9936692447746706,0.9936692447824352
d667039e-ce84-40cc-ab17-3f2aaf2a92e1,34.67676039223163,-82.83734877743977,1.3818815241006785,0.27712812921102037,"[-0.010582959745352246, -0.9938313775338685, -0.8553917400984159, 0.506080800656995, 0.8659746998437681, 0.4877505768768734]",0.9938877230106808,0.9938877230041223,0.9938877230118154
b26a4225-f708-485a-9e6b-7e32e39685b8,34.67631050515328,-82.83734877743977,1.4317895960163833,0.27712812921102037,"[-0.011603531778770264, -0.9926605684039733, -0.8538675036323953, 0.5063792373994389, 0.8654710354111654, 0.4862813310045343]",0.992728384784976,0.9927283847780068,0.9927283847860773
9037afbd-26b1-473f-ba3f-1eb50330816e,34.67654491776013,-82.83802487742742,1.337696499481957,0.27712812921102037,"[-0.011118481426541926, -0.9934036096320575, -0.8547535213879622, 0.5063306920862628, 0.865872002814504, 0.4870729175457947]",0.9934658284022682,0.99346582839555,0.9934658284031818
e5130a20-ee25-47f4-b59a-5f8ae412150f,34.676095030681786,-82.83802487742742,1.387604569632517,0.27712812921102037,"[-0.012137983871909223, -0.9922327431667128, -0.8532297700620111, 0.5066281738705586, 0.8653677539339204, 0.4856045692961542]",0.9923069823440794,0.9923069823369527,0.9923069823449608
328d9cba-e71e-4b41-8d16-17c65132a7be,34.67654491776013,-82.83757499034907,1.378926823881609,0.27712812921102037,"[-0.011128018071740147, -0.9933927175043351, -0.8547393202060555, 0.5063335049994107, 0.8658673382777956, 0.4870592125049244]",0.9934550437340524,0.9934550437273301,0.9934550437349657
5ad8d989-5e23-4e96-96cd-4b3ef77cb000,34.67328981553977,-82.83513455703985,1.1098620440768945,0.27712812921102037,"[-0.037926778651768314, -0.9783797437727002, -0.8283383232807111, 0.5220354255855244, 0.8662651019324793, 0.4563443181871758]",0.9791145813991112,0.9791145813926987,0.9791145813994626
0754658c-cea4-4c89-bfea-cc44efdade3f,34.67328981553977,-82.8346846699615,1.1510939815848895,0.27712812921102037,"[-0.03944633189593386, -0.9777092546882712, -0.826997886078736, 0.523016152755144, 0.8664442179746698, 0.4546931019331272]",0.9785046753838251,0.9785046753772548,0.9785046753842228
f02a51c5-0487-49fe-a53c-19f24b979cad,34.673739702618114,-82.8355844441182,1.1011857115059875,0.27712812921102037,"[-0.036162161744171355, -0.9791586619273619, -0.8298951946437026, 0.5208966815929477, 0.866057356387874, 0.4582619803344142]",0.9798262025042737,0.9798262024980455,0.9798262025045728
641fc047-02cc-4bd0-ac73-5d4d6561c687,34.673739702618114,-82.83603433119654,1.1424174260745166,0.27712812921102037,"[-0.03623684575894295, -0.9791260056093997, -0.8298295714353766, 0.5209450316880145, 0.8660664171943196, 0.4581809739213851]",0.9797963277108848,0.9797963277046486,0.9797963277111861
e1fc24b3-1f74-44a3-9f8e-11bca00319f0,34.673739702618114,-82.83513455703985,1.0599539969374585,0.27712812921102037,"[-0.03608747732220945, -0.9791913173139115, -0.8299608172489968, 0.5208483306795373, 0.8660482945712064, 0.4583429866343741]",0.9798560822217617,0.979856082215541,0.9798560822220583
3e990ed5-8add-498e-b152-f419eef4e798,34.67418958969646,-82.83513455703985,1.1098620477670156,0.27712812921102037,"[-0.037926267285929634, -0.9783792416577093, -0.8283381441192927, 0.5220347316722223, 0.8662644114052223, 0.4563445099854871]",0.9791140598529263,0.9791140598465141,0.979114059853278
6a9640e9-3a56-412d-b2b0-6dce205c554b,34.67463947677481,-82.83513455703985,1.1597701022863471,0.27712812921102037,"[-0.03976505678694346, -0.9775671645789065, -0.8267154699889335, 0.5232211315528913, 0.8664805267758771, 0.45434603302601523]",0.9783756032061551,0.978375603199552,0.9783756032065627
779d9f78-74a0-4a10-bea4-0ffcd03ea93d,34.67808929130613,-82.8369137286446,0.8926775679882757,0.27712812921102037,"[-0.017721980930528798, -0.9896731282561786, -0.848221079994325, 0.5101842497214779, 0.8659430609248538, 0.4794888785347007]",0.9898317884096393,0.9898317884044802,0.9898317884020555
b9d3e2b6-9c11-45aa-ac31-6450e3001efa,34.67763940422778,-82.8369137286446,0.9425856508061174,0.27712812921102037,"[-0.020839886430965748, -0.9875392901423242, -0.8448141692303683, 0.5118175160345644, 0.8656540556613341, 0.47572177410775995]",0.9877591560635973,0.9877591560580112,0.9877591560561187
05c6d8b1-ea32-44e1-85c1-3d5def65086a,34.6789769331063,-82.8366485,0.7638959396857202,0.27712812921102037,"[-0.004690059902323304, -0.9972320822738807, -0.8612832867121708, 0.5026777520598139, 0.8659733466144942, 0.49455433021406686]",0.9972431110430634,0.9972431110381567,0.9972431110356673
29399485-4f29-4710-af7f-6791e8fc381b,34.677237341899364,-82.83386833456396,1.0631574410276508,0.27712812921102037,"[-0.0016572757796729694, -0.9988488610191981, -0.8641998502389024, 0.5008596733386195, 0.8658571260185755, 0.49798918768057854]",0.9988502358556752,0.9988502358508607,0.9988502358451042
900b5abc-ec7f-4ae4-8ff5-a5ed8b86eced,34.67678745482102,-82.83386833456396,1.1130655168573025,0.27712812921102037,"[-0.001729407934916812, -0.9987678069005349, -0.8640935892354483, 0.5008816145581628, 0.8658229971703651, 0.497886192342372]",0.9987693041435112,0.9987693041386707,0.9987693041329424
88ceb0dc-ab48-4b87-a001-0a6b423266e9,34.67826186751466,-82.8347391909493,1.0143201942858484,0.27712812921102037,"[-0.038255366389596604, -0.9796907656820283, -0.8293094076884694, 0.5229755018679914, 0.8675647740780659, 0.456715263814037]",0.9804373867661509,0.9804373867607415,0.9804373867563895
d764f7e6-4c13-40b0-a282-93fc2ac856a3,34.67826186751466,-82.83428930387096,1.0555496677749518,0.27712812921102037,"[-0.0409506987322272, -0.9784966331460867, -0.8269275924058714, 0.5247126618803478, 0.8678782911380986, 0.4537839712657389]",0.9793531644681027,0.9793531644624485,0.9793531644584647
7f6c8c4f-610f-48c1-8ed5-0ea509defebb,34.677362093357964,-82.83518907802765,1.0555498870498323,0.27712812921102037,"[-0.042277013574842745, -0.9778949957770287, -0.8257434017392559, 0.525560465542926, 0.8680204153140987, 0.4523345302341027]",0.9788084432571417,0.9788084432513648,0.9788084432475611
cd609c28-61d1-4d7f-8611-1286eb18ce70,34.677362093357964,-82.8347391909493,1.0967798064665248,0.27712812921102037,"[-0.0428801681172315, -0.9776258737766926, -0.8252087579791266, 0.5259482516988675, 0.8680889260963582, 0.45167762207782497]",0.9785658168178348,0.9785658168120029,0.9785658168082817
c3f2cf9c-f9a2-4415-8fac-a6aa9ccdd5bd,34.677362093357964,-82.83428930387096,1.1380097258832174,0.27712812921102037,"[-0.04348332224656388, -0.9773567508490582, -0.8246741136224619, 0.5263360370334426, 0.8681574358690258, 0.45102071381561554]",0.9783235751492575,0.9783235751433706,0.9783235751397319
2f15e681-d391-49f9-ac6c-e9471ca7e957,34.67781198043631,-82.83518907802765,1.0056418065064072,0.27712812921102037,"[-0.03828802940464682, -0.9796699473545047, -0.829275046980449, 0.5229933797050278, 0.8675630763850959, 0.4566765676494769]",0.9804178593303328,0.9804178593249193,0.9804178593205712
851c3c74-63d9-4b68-8756-89bd42e7d788,34.67781198043631,-82.8347391909493,0.9644121100522359,0.27712812921102037,"[-0.03499267868609648, -0.9811362562689823, -0.8321925831090554, 0.5208726767256617, 0.8671852617951519, 0.4602635795433205]",0.9817600729686906,0.98176007296358,0.9817600729587823
481b4156-086d-4718-8c63-dc41bfd4f4c9,34.67666049233399,-82.83588311852799,0.9499112987380652,0.27712812921102037,"[-0.03999701594139979, -0.9789648627195943, -0.8278099325067033, 0.5241208631429467, 0.8678069484481031, 0.4548439995766475]",0.9797815897801866,0.9797815897744772,0.9797815897712964
733b5182-ae82-43e4-8e87-502cf52aff85,34.67666049233399,-82.83633300560633,0.9911415658607793,0.27712812921102037,"[-0.040237633624096575, -0.9788584743389663, -0.827597488625093, 0.5242760499784448, 0.8678351222491896, 0.45458242436052143]",0.979685143244131,0.9796851432383993,0.9796851432352516
ce68466a-3c9d-4b70-984d-39c2d4c83dfc,34.67666049233399,-82.83543323144964,0.9086810316153512,0.27712812921102037,"[-0.03975639784791367, -0.9790712501705201, -0.8280223757885626, 0.5239656754868435, 0.8677787736364764, 0.4551055746836766]",0.9798780965143914,0.9798780965087046,0.9798780965054906
62926cbf-a806-462a-874d-2491ae8f4891,34.67666049233399,-82.8349833443713,0.9499112987380652,0.27712812921102037,"[-0.040052512568516184, -0.97894039185515, -0.8277609918028905, 0.5241566891996313, 0.8678135043714067, 0.4547837026555186]",0.9797594064447396,0.9797594064390259,0.9797594064358519
6d91fa46-2def-41ac-a44e-0ec1ed25e35a,34.67711037941233,-82.83543323144964,0.8587729568266398,0.27712812921102037,"[-0.03584046789066602, -0.9808006381116452, -0.8314780346567218, 0.5214390746350366, 0.8673185025473877, 0.4593615634766085]",0.9814552617449708,0.9814552617396445,0.9814552617358946
38ddcca1-5a42-4440-b875-c6aab7f58750,34.67756026649068,-82.83543323144964,0.908681035305174,0.27712812921102037,"[-0.03738115293766319, -0.9801248762593665, -0.8301224652024289, 0.5224354660988088, 0.8675036181400922, 0.4576894101605577]",0.9808374603396639,0.9808374603341967,0.9808374603306581
d941df2e-20f2-4710-ba05-61ee4d06caa4,34.67711037941233,-82.8349833443713,0.9000030009908049,0.27712812921102037,"[-0.03714845925808336, -0.9802273140663741, -0.8303275257853671, 0.5222851663644991, 0.8674759850434502, 0.4579421477018751]",0.9809309839204714,0.9809309839150256,0.9809309839114547
84400613-fdf5-465c-bb59-25bccc63e964,34.67822566884535,-82.8350754166891,0.7134643164517979,0.27712812921102037,"[-0.017856146422834247, -0.9887270159554257, -0.8473346399609956, 0.5098273842959442, 0.8651907863838297, 0.47889963165948146]",0.988888241405836,0.9888882414001116,0.9888882413993971
be03ea98-df62-4721-9c08-8e87b6970974,34.67822566884535,-82.83552530376744,0.754693807881139,0.27712812921102037,"[-0.018563736687185067, -0.9879110653015116, -0.8462742108344105, 0.5100322001134261, 0.8648379475215956, 0.47787886518808553]",0.9880854645275566,0.9880854645214813,0.9880854645213918
f7bfc679-f893-49df-a34b-c7f2d8975c85,34.6786755559237,-82.8350754166891,0.6635562288251423,0.27712812921102037,"[-0.01699957037892119, -0.9897146838493539, -0.848618273469458, 0.5095794016285573, 0.8656178438483791, 0.48013528222079666]",0.9898606673494248,0.9898606673441269,0.9898606673426562
f65ebc47-745c-47ea-88a7-abd23fb2fdfc,34.67912544300204,-82.8350754166891,0.7134643201427067,0.27712812921102037,"[-0.018014828045529542, -0.9885452911619261, -0.8470979208620054, 0.5098739442155712, 0.865112748907535, 0.47867134694635477]",0.98870942478237,0.988709424776572,0.9887094247759989
127a487f-f8e5-49e2-8b09-bb7318466844,34.675516140576136,-82.83404127497106,0.27914532825044375,0.27712812921102037,"[-0.008891143443966302, -0.9948897650623469, -0.8571542387323248, 0.5051448385244873, 0.8660453821762911, 0.4897449265378596]",0.994929493480758,0.9949294934776031,0.9949294934774265
29160497-d557-46ef-953b-030985e86c82,34.675516140576136,-82.83359138789271,0.32037616248845313,0.27712812921102037,"[-0.00951879036822163, -0.9941727933325883, -0.8562194995385325, 0.5053299108406555, 0.8657382899067542, 0.4888428824919329]",0.9942183614847273,0.9942183614813209,0.9942183614813948
21a5c737-9853-4b91-9264-5bba7071c44a,34.675516140576136,-82.8344911620494,0.32037616248845313,0.27712812921102037,"[-0.009089494546784966, -0.9946634106769013, -0.8568590345328938, 0.5052034384256853, 0.8659485290796788, 0.4894599722512162]",0.9947049408698683,0.9947049408666334,0.9947049408665364
781b2dc1-d43f-410d-8d73-5d054884a778,34.673156330322776,-82.83226206433518,0.3373467670953574,0.27712812921102037,"[-0.019110234182741395, -0.98897386827141, -0.8469213764573785, 0.5110368823126934, 0.8660316106401199, 0.47793698595871664]",0.9891584873586944,0.9891584873559934,0.9891584873576423
b60382ca-98a1-4b75-b523-efddb361e17c,34.67270644324443,-82.83226206433518,0.3872548094495387,0.27712812921102037,"[-0.019369070307730142, -0.9887972083328854, -0.8466389664003261, 0.5111727110030911, 0.8660080367080563, 0.4776244973297942]",0.9889868957832766,0.9889868957805367,0.9889868957822306
68b90fa4-32a9-48f6-822a-5c14e0262d7a,34.67225655616608,-82.83226206433518,0.43716284811396905,0.27712812921102037,"[-0.019627903632534565, -0.9886205443306092, -0.8463565542240535, 0.5113085352365825, 0.8659844578565881, 0.47731200909402666]",0.9888153696282987,0.9888153696255199,0.988815369627259
c9b6ab2c-36b4-4ee9-bc4e-1a63cb1590b7,34.67360621740112,-82.83226206433518,0.2874387210500043,0.27712812921102037,"[-0.018851395258158613, -0.9891505241447421, -0.8472037843936683, 0.5109010491651798, 0.8660551796518269, 0.47824947497956233]",0.9893301443191042,0.9893301443164417,0.9893301443180461
6239cbb1-bf4c-471e-be1f-890a778af58e,34.67405610447947,-82.83226206433518,0.33734677078406183,0.27712812921102037,"[-0.01953877312779504, -0.9886807442498233, -0.8464532541357566, 0.5112614459148327, 0.8659920272635515, 0.47741929833499075]",0.9888737925768378,0.9888737925740735,0.9888737925757971
e33a7c36-8f7f-4bc7-b053-54f55c890e5e,34.674505991557815,-82.83226206433518,0.3872548242100119,0.27712812921102037,"[-0.020226148266839, -0.9882109602442886, -0.845702721683243, 0.5116218382444149, 0.865928869950082, 0.47658912199987363]",0.9884179272758763,0.9884179272730089,0.9884179272748526
1e683ae3-a73e-4457-a587-085dbb419fa5,34.67360621740112,-82.83271195141353,0.3286705017667824,0.27712812921102037,"[-0.019094245342297828, -0.9889849631228335, -0.8469389793007823, 0.511028582996404, 0.8660332246430801, 0.47795638012642955]",0.9891692713725827,0.989169271369884,0.9891692713715311
7250aede-c77c-468f-b25a-45b6a36d4472,34.67360621740112,-82.83181217725684,0.3286705017667824,0.27712812921102037,"[-0.02030235354485465, -0.9881555302655419, -0.84561661527452, 0.511660118961706, 0.8659189688193746, 0.4764954113038358]",0.9883640713287485,0.9883640713258672,0.9883640713277235
bd90ac5e-9f30-4582-9f5c-54eca933fcdc,34.67360621740112,-82.83136229017849,0.36990228248356055,0.27712812921102037,"[-0.021753309931931083, -0.9871605336073543, -0.8440294446985076, 0.5124191857236198, 0.8657827546304387, 0.4747413478837345]",0.9874001851047518,0.9874001851016518,0.9874001851037604
3d6b4f5c-c488-449a-8284-c2d6435de91a,34.67389461251987,-82.8341332036869,0.060925810917061236,0.27712812921102037,"[-0.03626558951798933, -0.9796766760737311, -0.8302920941643183, 0.521245259745028, 0.8665576836823076, 0.4584314163287031]",0.9803476845302306,0.9803476845295612,0.9803476845304027
0cb1a779-c071-4340-ad2c-7c68bdf0a47a,34.67344472544152,-82.8341332036869,0.11083385932714732,0.27712812921102037,"[-0.03785905798628552, -0.9790943186355652, -0.8289910235948238, 0.522334065199586, 0.8668500815811093, 0.4567602534359791]",0.9798260013869944,0.9798260013861207,0.9798260013872384
981ffc73-311c-4f88-aac2-78db9d7f11af,34.67389461251987,-82.83368331660856,0.01969417311400893,0.27712812921102037,"[-0.033629716358411256, -0.9806350746257319, -0.8324400282367787, 0.519441725903735, 0.8660697445951899, 0.4611933487219967]",0.9812115507606565,0.9812115507603248,0.9812115507607082
bae1a80a-5d8e-4d74-83d6-0a98d65b0a47,34.67434449959821,-82.83368331660856,0.06960222521492573,0.27712812921102037,"[-0.03645136224452952, -0.9795967200555887, -0.8301299638581737, 0.5213661656364681, 0.8665813261027033, 0.4582305544191206]",0.9802746735946004,0.9802746735939017,0.9802746735947725
437ebea5-9e6b-478d-a29c-246fb6dfe631,34.67479438667656,-82.83368331660856,0.11951028100420455,0.27712812921102037,"[-0.039273006883300085, -0.9785583613864547, -0.8278198965534126, 0.5232906022394712, 0.8670929034367127, 0.4552677591469835]",0.9793461265799368,0.9793461265788739,0.9793461265802326
744ce767-07e3-40b1-bb84-8555722e3128,34.67479438667656,-82.83323342953021,0.16074147291892937,0.27712812921102037,"[-0.04160408779954997, -0.9777005255920465, -0.82591144850533, 0.5248804596339689, 0.8675155363048801, 0.45282006595807756]",0.9785853145244654,0.9785853145231026,0.9785853145248652
8fae7822-2811-4dc2-9d00-91a9d534c978,34.672994838363174,-82.8341332036869,0.16074190404711652,0.27712812921102037,"[-0.03945252487570669, -0.9785119572221679, -0.8276899503721159, 0.5234228672991829, 0.8671424752478226, 0.45508908992298497]",0.9793069754086063,0.9793069754075294,0.9793069754089234
953eec14-bc83-47d7-8c8e-bfc34fb0b9c5,34.67695093780922,-82.8354347377012,0.8410523344374194,7.199557856794634,"[-0.00040154226363128565, -0.9995609724564297, -0.865444423591818, 0.5001282319317194, 0.8658459658554492, 0.49943274052471026]",0.9995610530829038,0.9995610530778111,0.9995610530735511
5a20152a-ce44-46d8-812f-5073827bab0f,34.67765814566613,-82.8346712555593,0.9461747754209766,7.199557856794634,"[-0.0004174520011240914, -0.9995423866454711, -0.8654203729385684, 0.5001327172632292, 0.8658378249396925, 0.49940966938224196]",0.9995424737915862,0.9995424737867084,0.9995424737814049
902a2eb2-e22a-4f2e-9080-a017c7b9ea32,34.676697872002414,-82.83743346016078,1.371471522212263,7.199557856794634,"[-0.0003698414925173132, -0.999624073581691, -0.8655149211573591, 0.5001323288220723, 0.8658847626498763, 0.4994917447596189]",0.9996241419701595,0.9996241419636595,0.9996241419713128
55c0c277-83a0-46cb-b2cd-ea6b02b4a044,34.671427440062565,-82.83477249251003,0.7601479959967441,7.199557856794634,"[-0.00027045428557540875, -0.9997286639311813, -0.8656551926590055, 0.50009855215031, 0.8659256469445809, 0.4996301117808712]",0.999728700484112,0.9997287004792557,0.9997287004845088
d65c1dd3-bd70-4490-9bc9-5c2da8f7e82c,34.674766110737096,-82.83149999987926,0.2684357849655941,7.199557856794634,"[-0.00014722743229555614, -0.9998517006919815, -0.8658233590447344, 0.5000533529449925, 0.8659705864770301, 0.499798347746989]",0.9998517115007208,0.9998517114980452,0.9998517114998109
486c4420-a93c-4793-8fee-92bb4e3f6c8b,34.67377584109062,-82.83261442342274,0.4184349808190022,7.199557856794634,"[-0.00018862550404645485, -0.9998113110825855, -0.8657676815815187, 0.5000690099222131, 0.865956307085565, 0.4997423011603722]",0.9998113288452675,0.9998113288418747,0.9998113288447563
302675215,34.6741564,-82.8356477,0.9920633393791337,7.199557856794634,"[-0.00034047181124430005, -0.9996543522413186, -0.865555828085575, 0.5001220332614426, 0.8658962998968194, 0.49953231897987604]",0.9996544101929171,0.9996544101869705,0.9996544101931102
113984088,34.6744666,-82.8357795,1.0285337212886219,7.199557856794634,"[-0.000345657411212863, -0.9996491564652085, -0.8655487356115764, 0.5001239262347018, 0.8658943930227893, 0.4995252302305067]",0.9996492161968467,0.9996492161907036,0.9996492161970358
f078b90d-1b3b-4f3c-9ce8-7191e1c0f8a1,34.67396253553774,-82.8352913704561,1.0311658756543538,7.199557856794634,"[-0.0003448409264903075, -0.9996490933264429, -0.8655490891740794, 0.5001231875688112, 0.8658939301005695, 0.4995259057576317]",0.9996491527759562,0.999649152770062,0.9996491527761691
296569828,34.674651,-82.8329727,0.1243614100147288,7.199557856794634,"[-0.00010699495095834286, -0.9998900760004943, -0.8658767092770269, 0.5000376982482377, 0.8659837042279853, 0.4998523777522564]",0.9998900816939106,0.9998900816919183,0.9998900816926242
295498746,34.6747981,-82.831464,0.2635902862904389,7.199557856794634,"[-0.00014588181380078096, -0.9998529979984753, -0.8658251553543477, 0.5000528362584353, 0.8659710371681485, 0.4998001617400399]",0.999853008609953,0.9998530086073009,0.999853008609031
67086850-524a-4c64-b12d-a31a9e3279e5,34.67561167428637,-82.83402672986128,0.26819815121622864,7.199557856794634,"[-0.00017598447543590702, -0.999814942391512, -0.8657771469006655, 0.5000598781243067, 0.8659531313761015, 0.49975506426720523]",0.9998149578494798,0.999814957846398,0.9998149578461369
d18f1899-f1d2-4178-b332-9b2c7518ff1c,34.67346386133547,-82.83225439945566,0.2715934497782623,7.199557856794634,"[-0.00011642805421818534, -0.9998795487316756, -0.8658628758433269, 0.5000406039209606, 0.865979303897545, 0.4998389448107151]",0.9998795554792679,0.9998795554767452,0.9998795554781784
decc3e5b-e24a-4078-97d3-d34b50fb5fc8,34.67414771525664,-82.83564477659735,0.9910633402180158,7.199557856794634,"[-0.0003402170413397922, -0.9996546284402399, -0.8655561946658072, 0.5001219507236935, 0.865896411707147, 0.4995326777165464]",0.9996546863050801,0.9996546862991378,0.9996546863052733
de10576a-aa0f-4038-996c-4d5448b524f5,34.67795572311708,-82.8368699910099,0.8772664513913174,7.199557856794634,"[-0.0003565691879099474, -0.9996147610808119, -0.865513492444615, 0.5001161784174966, 0.8658700616325249, 0.4994985826633154]",0.9996148246483872,0.9996148246433233,0.9996148246407088
0d723b81-d3cc-4b5e-9604-b94e1579d6da,34.677414916089354,-82.8354055069469,0.7895113898752362,7.199557856794634,"[-0.00038602927647380763, -0.9995792429829538, -0.8654680028254637, 0.5001239325539525, 0.8658540321019376, 0.49945531042900126]",0.9995793174963596,0.9995793174913248,0.9995793174875649
e2b17ec5-7234-4634-99f3-13b33e8ee391,34.67876523545962,-82.8353204364696,0.6395113853919641,7.199557856794634,"[-0.000340546663194763, -0.9996321170638625, -0.865536534429246, 0.5001109804956969, 0.8658770810924408, 0.49952113656816555]",0.9996321750432917,0.999632175038425,0.999632175036122
ad21eec3-b245-4f80-a3e7-f2e2f56b33e5,34.67551068121881,-82.8364073886983,1.1578656580242075,7.199557856794634,"[-0.00035346923038753915, -0.9996403754447756, -0.8655372251152281, 0.5001263009582306, 0.8658906943456156, 0.4995140744865449]",0.9996404379089255,0.9996404379023387,0.999640437908728
35affd0b-0310-47a0-852f-21aafab0bb12,34.677087559093025,-82.83382788718363,1.0460769308248357,7.199557856794634,"[-0.00041799271969039246, -0.9995420027352628, -0.8654197701032702, 0.500132993584223, 0.8658377628229607, 0.49940900915103975]",0.9995420901074804,0.999542090102676,0.9995420900969018
129f96e7-ea7e-4cd5-bdb6-d50f6f7bf437,34.675480397982774,-82.83687893263095,1.1795340931140303,7.199557856794634,"[-0.00035747682744481293, -0.9996374234781475, -0.8655326648389772, 0.5001282956560575, 0.865890141666422, 0.4995091278220899]",0.9996374873674728,0.9996374873611041,0.9996374873680508
19bd08d3-a3aa-4eb9-95a0-141db869b8b8,34.676416546435696,-82.83789415674269,1.318968222838295,7.199557856794634,"[-0.0003679420740708642, -0.9996261889482769, -0.8655177028277421, 0.5001317415607157, 0.8658856449018127, 0.49949444738756116]",0.999626256635732,0.9996262566291554,0.9996262566366694
113913040,34.6717887,-82.8348507,0.7194358245701336,7.199557856794634,"[-0.00027019371380563375, -0.9997289197485135, -0.8656555444891756, 0.5000984543971998, 0.8659257382029812, 0.49963046535131367]",0.9997289562309908,0.9997289562261595,0.9997289562312811
11a8480b-1da6-49f2-8040-454036c30482,34.67284500375207,-82.83520626619944,0.8410633960162713,7.199557856794634,"[-0.0003017505019911766, -0.9996958344214477, -0.8656111133616395, 0.500109240713955, 0.8659128638636308, 0.49958659370749275]",0.999695879932585,0.9996958799272564,0.9996958799328316
dae7b755-4e43-4d99-abba-eebd2682834e,34.67562021452478,-82.83403022187656,0.26919815292325694,7.199557856794634,"[-0.0001764321325420897, -0.9998144532852076, -0.8657764994936297, 0.5000600212535811, 0.8659529316261717, 0.49975443203162656]",0.9998144688220842,0.9998144688189982,0.9998144688187318
7cb66b0f-7d12-40c3-9ac3-48e0ffa241d4,34.676901250285155,-82.83455402416861,0.41919830444190553,7.199557856794634,"[-0.00024332961171449782, -0.9997408634368388, -0.865679320076162, 0.5000811612458543, 0.8659226496878766, 0.49965970219098443]",0.9997408930199082,0.9997408930160993,0.9997408930150093
9114e66f-a106-462e-926c-48a6fe17b5ce,34.678774237588755,-82.83531986933309,0.6385113852713539,7.199557856794634,"[-0.00034024177220882566, -0.9996324680652914, -0.8655369908508922, 0.5001108919530709, 0.865877232623101, 0.49952157611222037]",0.9996325259408748,0.9996325259360088,0.9996325259337152
9e1a569f-5918-48ff-84d5-50a341fb5b20,34.67899936655315,-82.83660594094499,0.75898832596733,7.199557856794634,"[-0.00034955705357900567, -0.9996226352991125, -0.8655238177849207, 0.5001140428402185, 0.8658733748384997, 0.49950859245889406]",0.999622696389425,0.9996226963845202,0.9996226963819917
4ed9d518-66f4-428c-884e-b116c0a94342,34.67447331389393,-82.8357867810108,1.0295337263996953,7.199557856794634,"[-0.00034573734820159173, -0.9996490802457214, -0.8655486296350723, 0.5001239573524225, 0.8658943669832739, 0.4995251228932989]",0.9996491400050088,0.9996491399988642,0.9996491400052007
a8200e82-da3c-4729-ae6d-d48081aa6c3a,34.67818228604554,-82.83507782646066,0.5691982477534012,7.199557856794634,"[-0.0003097282511036739, -0.999666828816187, -0.8655820048944901, 0.5001016468440617, 0.865891733145594, 0.49956518197212535]",0.9996668767696195,0.9996668767650877,0.9996668767631749
41ba0b4f-87ad-492e-b9fb-2b283e689571,34.67278557144413,-82.83372884696622,0.5684349912806425,7.199557856794634,"[-0.00022952504416004325, -0.9997704763218912, -0.8657118678717891, 0.5000840125827222, 0.8659413929159492, 0.49968646373916903]",0.9997705026387064,0.9997705026345969,0.999770502638595
29d18c94-50cc-4374-ab66-ee83ee1e45e7,34.671795301797644,-82.83484327050971,0.7184358163367592,7.199557856794634,"[-0.000269926046669139, -0.9997291964412298, -0.8656559179456621, 0.5000983609370173, 0.8659258439923313, 0.4996308355042124]",0.9997292328513887,0.9997292328465621,0.9997292328516766
