bus,pu_a,pu_b,pu_c,distance_km,x,y,kvLL,kvBase,hour,converged,has_pv,has_load
24ab4116-d257-41b1-960b-481ced9684f1,1.000003129399396,1.0000031293993807,1.0000031293993923,,34.67381297784516,-82.83387399502244,"[2.9418765358976837e-06, -1.0000031294275862, -0.8660295848301626, 0.4999990168763902, 0.8660266429536267, 0.5000041125511959]",7.199557856794634,1837,True,False,False
5ff9a8dc-e808-48b4-9a51-b4ef0c8aae7d_ht,1.0003114062873926,1.000311406281903,1.0003114062904426,0.7602918934965317,34.67142844006256,-82.83477149251003,"[0.00026630667186794703, -1.0003113708693, -0.8664282121489383, 0.4999250569918844, 0.8661619054770702, 0.5003863138774156]",7.199557856794634,1837,True,False,False
5ff9a8dc-e808-48b4-9a51-b4ef0c8aae7d,1.0000442619732843,1.0000442619672059,1.0000442619757566,0.7602918934965317,34.67142844006256,-82.83477149251003,"[-0.00022964491582992962, -1.0000442356362607, -0.8659488904569054, 0.5002209960491452, 0.8661785353727354, 0.4998232395871156]",0.27712812921102037,1837,True,False,False
ef7e1cf1-f33b-4256-8a55-ad94fbc7a080_ht,1.000406663804757,1.000406663798834,1.0004066638100662,1.1580095527169207,34.67551168121881,-82.83640638869831,"[0.00035313424984277246, -1.0004066015086588, -0.8665540980919331, 0.49989747742256735, 0.8662009638420902, 0.5005091240860916]",7.199557856794634,1837,True,False,False
ef7e1cf1-f33b-4256-8a55-ad94fbc7a080,0.999021268739298,0.9990212687333782,0.9990212687445972,1.1580095527169207,34.67551168121881,-82.83640638869831,"[-0.0022068282762344777, -0.9990188313356264, -0.8640722726047646, 0.5014205849163684, 0.8662791008809992, 0.49759824641925804]",0.27712812921102037,1837,True,False,False
c06e8b04-406c-4505-9a7d-caa26d521809_ht,1.0004554597611193,1.0004554597543334,1.000455459765805,1.3716154160890617,34.67669887200241,-82.83743246016078,"[0.0003992850107144343, -1.0004553801129277, -0.8666194169831343, 0.4998818989929348, 0.8662201319724199, 0.5005734811199928]",7.199557856794634,1837,True,False,False
c06e8b04-406c-4505-9a7d-caa26d521809,0.9997417893482026,0.9997417893414161,0.9997417893528765,1.3716154160890617,34.67669887200241,-82.83743246016078,"[-0.0009268609997279853, -0.9997413597312708, -0.8653379841887483, 0.5006733649362753, 0.8662648451884764, 0.4990679947949955]",0.27712812921102037,1837,True,False,False
18df96d8-a15c-4473-95ae-8731c654a42a_ht,1.0004557375349714,1.0004557375281686,1.0004557375397491,1.3191121169081552,34.676417546435694,-82.8378931567427,"[0.0003995902504697458, -1.0004556577649402, -0.8666198100567393, 0.4998817734736048, 0.8662202198062696, 0.5005738842913354]",7.199557856794634,1837,True,False,False
18df96d8-a15c-4473-95ae-8731c654a42a,1.0225096562825533,1.022509656275755,1.0225096562870901,1.3191121169081552,34.676417546435694,-82.8378931567427,"[0.04483320931713249, -1.0215262995124033, -0.9070843306118559, 0.47193645145416385, 0.8622511212947234, 0.5495898480582395]",0.27712812921102037,1837,True,False,False
8d61ce66-3ce3-48f6-8819-7aacd2c1c768_ht,1.000408599395373,1.0004085993890253,1.0004085993997291,1.0313097714115087,34.67396353553774,-82.83529037045611,"[0.0003560530763470867, -1.0004085360644734, -0.8665572328794712, 0.4998959169226499, 0.8662011798031242, 0.5005126191418235]",7.199557856794634,1837,True,False,False
8d61ce66-3ce3-48f6-8819-7aacd2c1c768,1.0224771414488614,1.0224771414425293,1.0224771414530356,1.0313097714115087,34.67396353553774,-82.83529037045611,"[0.04591445978964123, -1.0214457240746615, -0.9075551754715406, 0.4709597733588291, 0.8616407156818994, 0.5504859507158325]",0.27712812921102037,1837,True,False,False
19d1eb19-8c54-4ed6-96d5-f236737eb4a8_ht,1.000290039725823,1.000290039727569,1.0002900397231234,0.8774103444026664,34.67795672311708,-82.83686899100991,"[0.0002443193742636734, -1.000290009921196, -0.8663987193734671, 0.4999334180778232, 0.8661543999992034, 0.5003565918433728]",7.199557856794634,1837,True,False,False
19d1eb19-8c54-4ed6-96d5-f236737eb4a8,0.9993155174487901,0.9993155174505319,0.9993155174460916,0.8774103444026664,34.67795672311708,-82.83686899100991,"[-0.001560108175513856, -0.9993142996783886, -0.864651515741807, 0.5010082430538063, 0.8662116239173209, 0.4983060566245824]",0.27712812921102037,1837,True,False,False
fde6c6f0-66f1-43ee-94bb-65c3f330bd74_ht,1.0002907816367186,1.0002907816382434,1.0002907816339444,0.7591322182614095,34.67900036655315,-82.836604940945,"[0.00024525869203762376, -1.0002907516021267, -0.8663998313469172, 0.49993297544522697, 0.8661545726548796, 0.5003577761568998]",7.199557856794634,1837,True,False,False
fde6c6f0-66f1-43ee-94bb-65c3f330bd74,1.0167200427294238,1.0167200427309182,1.0167200427267078,0.7591322182614095,34.67900036655315,-82.836604940945,"[0.03223382107881718, -1.016208948068121, -0.8961796750582655, 0.4801891660208227, 0.8639458539794482, 0.5360197820472982]",0.27712812921102037,1837,True,False,False
1e49a5a7-cec4-415a-8ea3-33f157d3592a_ht,1.0003248308861363,1.0003248308857826,1.0003248308820167,1.046220824433598,34.67708855909302,-82.83382688718363,"[0.0002749009559537252, -1.0003247931446302, -0.8664441333194841, 0.4999243252627627, 0.8661692323635304, 0.5004004678818675]",7.199557856794634,1837,True,False,False
1e49a5a7-cec4-415a-8ea3-33f157d3592a,1.0000685467298072,1.0000685467294521,1.0000685467256916,1.046220824433598,34.67708855909302,-82.83382688718363,"[-0.00020218752133966216, -1.0000685263227942, -0.8659836555030452, 0.5002093625930316, 0.8661858430243848, 0.4998591637297625]",0.27712812921102037,1837,True,False,False
55b8b78c-31cd-4574-90aa-bf37208faea1_ht,1.0003249356549229,1.0003249356544544,1.000324935650888,0.9463186686378073,34.67765914566613,-82.8346702555593,"[0.0002751946583581958, -1.0003248978326578, -0.8664443708331724, 0.49992412325309177, 0.8661691761748141, 0.5004007745795662]",7.199557856794634,1837,True,False,False
55b8b78c-31cd-4574-90aa-bf37208faea1,1.0077937003846336,1.0077937003841404,1.0077937003806166,0.9463186686378073,34.67765914566613,-82.8346702555593,"[0.01640976383090121, -1.0076600926155017, -0.8808641204411238, 0.48961877386205693, 0.8644543566102225, 0.5180413187534447]",0.27712812921102037,1837,True,False,False
79b5b874-4748-484a-9185-e5d5b14abc7d_ht,1.0003162037516424,1.000316203751681,1.0003162037480273,0.84119622814085,34.676951937809214,-82.83543373770121,"[0.0002675890615659025, -1.0003161679927235, -0.8664330077717564, 0.49992634497318916, 0.8661654187101904, 0.5003898230195344]",7.199557856794634,1837,True,False,False
79b5b874-4748-484a-9185-e5d5b14abc7d,1.0103992444547707,1.0103992444547678,1.0103992444511851,0.84119622814085,34.676951937809214,-82.83543373770121,"[0.02204147150820101, -1.0101588027598596, -0.8858439207409279, 0.48599092701907043, 0.8638024492327269, 0.5241678757407892]",0.27712812921102037,1837,True,False,False
dcde0bfe-3a3d-4ff8-8a75-7cc11b4d34a1_ht,1.0002763917888502,1.0002763917900885,1.0002763917865563,0.6386552777201548,34.67877523758875,-82.8353188693331,"[0.0002323945104787403, -1.0002763648252697, -0.8663809399420418, 0.4999369227648095, 0.8661485454315632, 0.5003394420604603]",7.199557856794634,1837,True,False,False
dcde0bfe-3a3d-4ff8-8a75-7cc11b4d34a1,0.9982804555967842,0.9982804555980193,0.9982804555944917,0.6386552777201548,34.67877523758875,-82.8353188693331,"[-0.0034526335060415174, -0.9982744850056411, -0.8628047471551346, 0.5021273107309459, 0.8662573806611761, 0.4961471742746953]",0.27712812921102037,1837,True,False,False
ff4e789f-8cc0-412d-801f-775a88fd5d87_ht,1.0001624666523863,1.0001624666524567,1.000162466651379,0.26834204583965,34.67561267428637,-82.83402572986128,"[0.00013634380265782414, -1.0001624573915007, -0.8662342678571312, 0.49996315140088593, 0.8660979240544733, 0.5001993059906147]",7.199557856794634,1837,True,False,False
ff4e789f-8cc0-412d-801f-775a88fd5d87,1.007547629953724,1.0075476299537842,1.0075476299527206,0.26834204583965,34.67561267428637,-82.83402572986128,"[0.014215848361556442, -1.0074473367608539, -0.8795829107321542, 0.49141238246490476, 0.8653670623705978, 0.5160349542959491]",0.27712812921102037,1837,True,False,False
4cb1e7c3-c716-481d-a9cc-7b522f1ad926_ht,1.000129837509314,1.000129837508347,1.0001298375086727,0.2717373458777537,34.67346486133547,-82.83225339945567,"[0.00011229696728447728, -1.0001298312368472, -0.8661939893609973, 0.4999676634939848, 0.8660816923937129, 0.5001621677428623]",7.199557856794634,1837,True,False,False
4cb1e7c3-c716-481d-a9cc-7b522f1ad926,1.0180206282160844,1.0180206282150057,1.0180206282153321,0.2717373458777537,34.67346486133547,-82.83225339945567,"[0.03680835097326345, -1.0173549748432715, -0.899459428306391, 0.47680052030962977, 0.8626510773331276, 0.5405544545336417]",0.27712812921102037,1837,True,False,False
3d69988e-d438-41d1-8509-a035e81e2f4e_ht,1.0000031275538819,1.0000031275538666,1.0000031275538779,0.0001438958602881815,34.67381397784516,-82.83387299502245,"[2.9402420110555927e-06, -1.0000031275820769, -0.866029582414642, 0.4999990173691756, 0.866026642172631, 0.5000041102129011]",7.199557856794634,1837,True,False,False
3d69988e-d438-41d1-8509-a035e81e2f4e,0.99828704557529,0.998287045575273,0.9982870455752864,0.0001438958602881815,34.67381397784516,-82.83387299502245,"[-0.003164804391232738, -0.9982820290085456, -0.86295519501133, 0.5018818154074903, 0.8661199994025629, 0.49640021360105524]",0.27712812921102037,1837,True,False,False
51e400dd-7c7c-4f5a-89da-c0f4ea619a3a,1.000044144021971,1.000044144015892,1.0000441440244423,0.7604357909963193,34.671427440062565,-82.83477249251003,"[-0.00022975015141787718, -1.0000441176607726, -0.8659487356693415, 0.5002210281980938, 0.8661784858207594, 0.49982308946267884]",0.27712812921102037,1837,True,False,True
64aced96-2084-4e76-adcb-c62b326a9160,0.9987476308268866,0.9987476308209001,0.9987476308321893,1.1999928829947197,34.675888734269435,-82.83644572701454,"[-0.0026241394628713738, -0.998744183479978, -0.8636257649914162, 0.5016446630774595, 0.8662499044542875, 0.4970995204025185]",0.27712812921102037,1837,True,False,False
93a748b0-12e1-46b5-ae71-8db863f5527e,0.9986596868865469,0.9986596868805389,0.9986596868918505,1.2412235325853858,34.675888734269435,-82.83599583993619,"[-0.002758356390250268, -0.9986558775389175, -0.8634821813394815, 0.5017167453756587, 0.8662405377297319, 0.49693913216325875]",0.27712812921102037,1837,True,False,False
a16ea384-8006-4c87-8506-1c3e7fcd55e9,0.9985717582031859,0.998571758197156,0.9985717582084902,1.2824541821760518,34.675888734269435,-82.83554595285784,"[-0.0028925714485522392, -0.9985675687563947, -0.8633385961613068, 0.5017888246344587, 0.866231167609859, 0.49677874412193607]",0.27712812921102037,1837,True,False,True
38360e68-8bfd-42b0-8464-b194c6e1dc1d,0.9985669714714662,0.998566971465437,0.9985669714767716,1.2412235325853858,34.675888734269435,-82.83689561409288,"[-0.002899749311621906, -0.9985627611864297, -0.8633308437520527, 0.5017926370612399, 0.8662305930636746, 0.49677012412518984]",0.27712812921102037,1837,True,False,True
cf58f485-69e7-4aa0-8336-7281d0779549,0.9983890402843952,0.9983890402783238,0.9983890402897039,1.2911315973527246,34.67543884719109,-82.83689561409288,"[-0.003171277411707803, -0.9983840036880433, -0.863040271167327, 0.5019384085445656, 0.8662115485790348, 0.4964455951434776]",0.27712812921102037,1837,True,False,True
aeadcd37-355f-4dd5-b765-7f68478228a0,0.9983688969468022,0.9983688969407258,0.9983688969521114,1.3410396584302664,34.67498896011274,-82.83689561409288,"[-0.003202030166706275, -0.9983637620898376, -0.8630073650515727, 0.5019549204125282, 0.866209395218279, 0.4964088416773093]",0.27712812921102037,1837,True,False,False
9198bd4c-8e28-4ef6-8649-f795662f7e47,0.9983522532819533,0.9983522532758733,0.9983522532872632,1.3822707539216512,34.67498896011274,-82.83644572701454,"[-0.003227434211887233, -0.9983470365369673, -0.8629801782753077, 0.5019685581845793, 0.8662076124871949, 0.496378478352388]",0.27712812921102037,1837,True,False,True
ae567475-3545-497c-be4e-e6840d81ed46,0.999689264642566,0.9996892646357614,0.9996892646472375,1.4231117417144417,34.67676039223163,-82.83779866451812,"[-0.0009738546456195726, -0.9996887903283704, -0.8652689609274365, 0.5006877779259867, 0.8662428155730562, 0.4990010124023836]",0.27712812921102037,1837,True,False,False
f7166f81-0227-4186-aae6-5131a81df5a3,0.9996638331216791,0.9996638331148643,0.9996638331263495,1.4730198173227895,34.677210279309975,-82.83779866451812,"[-0.0009965742632275603, -0.9996633364041779, -0.8652355573736595, 0.5006947267299048, 0.8662321316368871, 0.49896860967427314]",0.27712812921102037,1837,True,False,True
d667039e-ce84-40cc-ab17-3f2aaf2a92e1,0.9997102374455908,0.9997102374387928,0.999710237450263,1.3818815241006785,34.67676039223163,-82.83734877743977,"[-0.000955043771072243, -0.9997097812887493, -0.8652965450696453, 0.5006819827109495, 0.8662515888407175, 0.4990277985777999]",0.27712812921102037,1837,True,False,True
b26a4225-f708-485a-9e6b-7e32e39685b8,0.9996048911661515,0.9996048911593144,0.9996048911708197,1.4317895960163833,34.67631050515328,-82.83734877743977,"[-0.0010489920776407164, -0.9996043407860721, -0.8651582567624696, 0.5007106240797473, 0.8662072488401104, 0.49889371670632465]",0.27712812921102037,1837,True,False,True
9037afbd-26b1-473f-ba3f-1eb50330816e,1.0246945923637207,1.0246945923577266,1.0246945923682131,1.337696499481957,34.67654491776013,-82.83802487742742,"[0.0469033192843001, -1.0236205773246636, -0.9099330833831135, 0.4711908225400217, 0.8630297640988134, 0.552429754784642]",0.27712812921102037,1837,True,False,True
e5130a20-ee25-47f4-b59a-5f8ae412150f,1.0306241777315719,1.0306241777277587,1.0306241777359635,1.387604569632517,34.676095030681786,-82.83802487742742,"[0.052503079600904515, -1.0292859769871554, -0.9176393435708449, 0.46917398768177276, 0.8651362639699405, 0.5601119893053826]",0.27712812921102037,1837,True,True,True
328d9cba-e71e-4b41-8d16-17c65132a7be,1.024692789211981,1.0246927892059865,1.024692789216473,1.378926823881609,34.67654491776013,-82.83757499034907,"[0.04690159462111385, -1.0236188513054734, -0.9099307262750542, 0.47119145313255906, 0.8630291316539404, 0.5524273981729143]",0.27712812921102037,1837,True,False,True
5ad8d989-5e23-4e96-96cd-4b3ef77cb000,1.0286649277717894,1.0286649277670834,1.0286649277751978,1.1098620440768945,34.67328981553977,-82.83513455703985,"[0.06230546047813297, -1.026776296613053, -0.9203670870488717, 0.45943003663881665, 0.8580616265707387, 0.5673462599742363]",0.27712812921102037,1837,True,True,False
0754658c-cea4-4c89-bfea-cc44efdade3f,1.028607139148957,1.0286071391442355,1.0286071391523701,1.1510939815848895,34.67328981553977,-82.8346846699615,"[0.06215554731749628, -1.0267274880463253, -0.9202498610098624, 0.45953546096092274, 0.8580943136923661, 0.5671920270854025]",0.27712812921102037,1837,True,False,True
f02a51c5-0487-49fe-a53c-19f24b979cad,1.0246239693587447,1.0246239693529764,1.0246239693626373,1.1011857115059875,34.673739702618114,-82.8355844441182,"[0.05168389836432859, -1.0233196242120681, -0.9120627398813733, 0.4669002430564479, 0.8603788415170448, 0.5564193811556203]",0.27712812921102037,1837,True,False,False
641fc047-02cc-4bd0-ac73-5d4d6561c687,1.024618378550436,1.024618378544666,1.0246183785543295,1.1424174260745166,34.673739702618114,-82.83603433119654,"[0.051669439235408454, -1.0233147564535627, -0.91205129471439, 0.4669103311501564, 0.8603818554789816, 0.5564044253034065]",0.27712812921102037,1837,True,False,True
e1fc24b3-1f74-44a3-9f8e-11bca00319f0,1.0246295593746706,1.0246295593689043,1.024629559378563,1.0599539969374585,34.673739702618114,-82.83513455703985,"[0.05169835783243334, -1.0233244909631334, -0.9120741843454804, 0.466890154165277, 0.8603758265130471, 0.5564343367978565]",0.27712812921102037,1837,True,False,True
3e990ed5-8add-498e-b152-f419eef4e798,1.0245598591121559,1.02455985910637,1.0245598591160534,1.1098620477670156,34.67418958969646,-82.83513455703985,"[0.051518242945210464, -1.0232637859373972, -0.9119315548074652, 0.46701578572034025, 0.8604133118622549, 0.5562480002170569]",0.27712812921102037,1837,True,False,False
6a9640e9-3a56-412d-b2b0-6dce205c554b,1.0244901879162756,1.0244901879104706,1.0244901879201784,1.1597701022863471,34.67463947677481,-82.83513455703985,"[0.051338128541826816, -1.0232030794313054, -0.9117889242293444, 0.4671414161162086, 0.8604507956875176, 0.5560616633150969]",0.27712812921102037,1837,True,False,True
779d9f78-74a0-4a10-bea4-0ffcd03ea93d,0.9992478597137467,0.9992478597154734,0.9992478597110517,0.8926775679882757,34.67808929130613,-82.8369137286446,"[-0.0016634082461605359, -0.9992464752406076, -0.864541128020382, 0.5010637913203093, 0.8662045362665424, 0.49818268392029835]",0.27712812921102037,1837,True,False,True
b9d3e2b6-9c11-45aa-ac31-6450e3001efa,0.9990516284226955,0.9990516284243772,0.9990516284200108,0.9425856508061174,34.67763940422778,-82.8369137286446,"[-0.001963080456486033, -0.9990496997819379, -0.8642208793692103, 0.5012249273379267, 0.8661839598256964, 0.4978247724440112]",0.27712812921102037,1837,True,False,True
05c6d8b1-ea32-44e1-85c1-3d5def65086a,1.0171298502837078,1.017129850285355,1.0171298502809971,0.7638959396857202,34.6789769331063,-82.8366485,"[0.03261255415698739, -1.016606882583928, -0.8967136629970235, 0.48006014081175763, 0.8641011088400361, 0.5365467417721704]",0.27712812921102037,1837,True,True,True
29399485-4f29-4710-af7f-6791e8fc381b,1.000055565437617,1.0000555654372567,1.0000555654335013,1.0631574410276508,34.677237341899364,-82.83386833456396,"[-0.00021380848091906063, -1.0000555426133342, -0.8659666008010297, 0.5002129347845143, 0.8661804092819487, 0.4998426078288198]",0.27712812921102037,1837,True,False,True
900b5abc-ec7f-4ae4-8ff5-a5ed8b86eced,1.0000298196888164,1.0000298196884467,1.0000298196847006,1.1130655168573025,34.67678745482102,-82.83386833456396,"[-0.00023682780101967892, -1.0000297916774255, -0.8659327901763147, 0.5002199946325461, 0.8661696179773344, 0.49980979704487943]",0.27712812921102037,1837,True,False,True
88ceb0dc-ab48-4b87-a001-0a6b423266e9,1.008319375188897,1.0083193751885517,1.0083193751848292,1.0143201942858484,34.67826186751466,-82.8347391909493,"[0.017810203429047298, -1.0081620698574156, -0.8819990652836522, 0.48865694621457223, 0.8641888618546049, 0.5195051236428435]",0.27712812921102037,1837,True,False,False
d764f7e6-4c13-40b0-a282-93fc2ac856a3,1.0082149972207173,1.0082149972203454,1.008214997216661,1.0555496677749518,34.67826186751466,-82.83428930387096,"[0.0175435178663891, -1.0080623520723626, -0.8817793643672899, 0.4888380437941248, 0.8642358465009008, 0.5192243082782378]",0.27712812921102037,1837,True,False,True
7f6c8c4f-610f-48c1-8ed5-0ea509defebb,1.0121389047821172,1.0121389047828082,1.0121389047776832,1.0555498870498323,34.677362093357964,-82.83518907802765,"[0.02772279476109407, -1.0117591656561138, -0.8900705372900284, 0.4818709382031854, 0.8623477425289342, 0.5298882274529285]",0.27712812921102037,1837,True,True,True
cd609c28-61d1-4d7f-8611-1286eb18ce70,1.0120043305684856,1.012004330569143,1.012004330564068,1.0967798064665248,34.677362093357964,-82.8347391909493,"[0.0273780998051618, -1.0116339282593165, -0.8897897310449728, 0.482106834093173, 0.862411631239811, 0.5295270941661434]",0.27712812921102037,1837,True,False,False
c3f2cf9c-f9a2-4415-8fac-a6aa9ccdd5bd,1.0118698704014344,1.0118698704020577,1.0118698703970326,1.1380097258832174,34.677362093357964,-82.83428930387096,"[0.027033405207401925, -1.011508689875686, -0.889508924124381, 0.4823427291795576, 0.862475518916979, 0.5291659606961283]",0.27712812921102037,1837,True,False,True
2f15e681-d391-49f9-ac6c-e9471ca7e957,1.0101054413865014,1.0101054413866397,1.0101054413822568,1.0056418065064072,34.67781198043631,-82.83518907802765,"[0.022471328131527517, -1.0098554560901778, -0.8857961431303342, 0.48546698692846973, 0.8633248149988068, 0.5243884691617079]",0.27712812921102037,1837,True,False,False
851c3c74-63d9-4b68-8756-89bd42e7d788,1.0084458160218903,1.0084458160215763,1.0084458160178082,0.9644121100522359,34.67781198043631,-82.8347391909493,"[0.01813302554128633, -1.0082827764575018, -0.8822650113218121, 0.48843772736451935, 0.8641319857805257, 0.5198450490929823]",0.27712812921102037,1837,True,False,True
481b4156-086d-4718-8c63-dc41bfd4f4c9,1.0110685114380782,1.0110685114382616,1.0110685114344307,0.9499112987380652,34.67666049233399,-82.83588311852799,"[0.023806423859367716, -1.0107882018848038, -0.8872714725476264, 0.48477713300898595, 0.8634650486882587, 0.5260110688758178]",0.27712812921102037,1837,True,False,False
733b5182-ae82-43e4-8e87-502cf52aff85,1.0110557510035272,1.0110557510037073,1.011055750999881,0.9911415658607793,34.67666049233399,-82.83633300560633,"[0.023773736212310284, -1.0107762072628572, -0.8872447410767871, 0.4847994440307536, 0.8634710048644768, 0.5259767632321036]",0.27712812921102037,1837,True,False,True
ce68466a-3c9d-4b70-984d-39c2d4c83dfc,1.0110812719347682,1.0110812719349547,1.01108127193112,0.9086810316153512,34.67666049233399,-82.83543323144964,"[0.023839111867729437, -1.010800195522075, -0.887298203346364, 0.48475482118198193, 0.8634590914786346, 0.5260453743400929]",0.27712812921102037,1837,True,False,True
62926cbf-a806-462a-874d-2491ae8f4891,1.0110523436026218,1.0110523436028012,1.0110523435989767,0.9499112987380652,34.67666049233399,-82.8349833443713,"[0.023765013740962477, -1.0107730040375624, -0.8872376057666348, 0.4848053962998771, 0.8634725920256725, 0.5259676077376851]",0.27712812921102037,1837,True,False,True
6d91fa46-2def-41ac-a44e-0ec1ed25e35a,1.0112585035952317,1.011258503595463,1.0112585035915633,0.8587729568266398,34.67711037941233,-82.83543323144964,"[0.024292855010118033, -1.0109666751946096, -0.887669250543133, 0.4844451079301574, 0.8633763955330148, 0.5265215672644522]",0.27712812921102037,1837,True,False,True
38ddcca1-5a42-4440-b875-c6aab7f58750,1.011138652744928,1.011138652745129,1.0111386527412736,0.908681035305174,34.67756026649068,-82.83543323144964,"[0.02398593282099686, -1.0108541191321458, -0.8874183130391653, 0.48465463231168315, 0.8634323802181686, 0.5261994868204627]",0.27712812921102037,1837,True,False,True
d941df2e-20f2-4710-ba05-61ee4d06caa4,1.0135712873033689,1.0135712873042253,1.0135712872994824,0.9000030009908049,34.67711037941233,-82.8349833443713,"[0.03027548467639972, -1.0131190204210487, -0.89252455101938, 0.4803401712710359, 0.8622490663429804, 0.5327788491500127]",0.27712812921102037,1837,True,True,True
84400613-fdf5-465c-bb59-25bccc63e964,0.9976759870812426,0.9976759870821928,0.9976759870791722,0.7134643164517979,34.67822566884535,-82.8350754166891,"[-0.003994461406969722, -0.9976679906368457, -0.8620085936741287, 0.5022933002732592, 0.8660030550810985, 0.49537469036358645]",0.27712812921102037,1837,True,False,False
be03ea98-df62-4721-9c08-8e87b6970974,0.9973717489649154,0.9973717489657226,0.9973717489629577,0.754693807881139,34.67822566884535,-82.83552530376744,"[-0.004267157617315931, -0.9973626206470266, -0.8616077874002632, 0.5023767771240393, 0.865874945017579, 0.49498584352298736]",0.27712812921102037,1837,True,False,True
f7bfc679-f893-49df-a34b-c7f2d8975c85,0.9980443291258752,0.9980443291270007,0.99804432912367,0.6635562288251423,34.6786755559237,-82.8350754166891,"[-0.003664322528795279, -0.9980376023505124, -0.8624937562467342, 0.5021921974747995, 0.8661580787755295, 0.4958454048757129]",0.27712812921102037,1837,True,False,False
f65ebc47-745c-47ea-88a7-abd23fb2fdfc,0.997939465200016,0.9979394652010926,0.9979394651978502,0.7134643201427067,34.67912544300204,-82.8350754166891,"[-0.003758407594321274, -0.9979323878103493, -0.8623555952493576, 0.502221070261585, 0.8661140028436788, 0.4957113175487642]",0.27712812921102037,1837,True,False,True
127a487f-f8e5-49e2-8b09-bb7318466844,1.007962459939601,1.007962459939816,1.0079624599386015,0.27914532825044375,34.675516140576136,-82.83404127497106,"[0.014593444824083038, -1.007856811298921, -0.8801263243155266, 0.4912901116049912, 0.8655328794914435, 0.5165666996939298]",0.27712812921102037,1837,True,False,False
29160497-d557-46ef-953b-030985e86c82,1.007729079508583,1.0077290795087113,1.0077290795075824,0.32037616248845313,34.675516140576136,-82.83359138789271,"[0.014381847040499747, -1.007626448754101, -0.8798210256078741, 0.4913581793885592, 0.8654391785673743, 0.5162682693655415]",0.27712812921102037,1837,True,False,True
21a5c737-9853-4b91-9264-5bba7071c44a,1.0097805979766903,1.0097805979775818,1.009780597975704,0.32037616248845313,34.675516140576136,-82.8344911620494,"[0.016246185644947175, -1.0096498985137492, -0.8825055538049388, 0.4907553396755786, 0.8662593681599915, 0.5188945588381706]",0.27712812921102037,1837,True,True,True
781b2dc1-d43f-410d-8d73-5d054884a778,1.0195021525591166,1.019502152558381,1.019502152558289,0.3373467670953574,34.673156330322776,-82.83226206433518,"[0.03921834855181062, -1.0187475449178622, -0.9018704281564942, 0.47540968622083474, 0.8626520796046836, 0.5433378586970274]",0.27712812921102037,1837,True,False,False
b60382ca-98a1-4b75-b523-efddb361e17c,1.0194767737593815,1.0194767737586403,1.0194767737585548,0.3872548094495387,34.67270644324443,-82.83226206433518,"[0.039178577188986395, -1.0187236776432107, -0.9018298728089198, 0.47543219559405786, 0.8626512956199335, 0.5432914820491527]",0.27712812921102037,1837,True,False,False
68b90fa4-32a9-48f6-822a-5c14e0262d7a,1.0194513921821433,1.0194513921813961,1.019451392181318,0.43716284811396905,34.67225655616608,-82.83226206433518,"[0.0391388084473487, -1.0186998060086443, -0.9017893149961421, 0.47545470051730965, 0.8626505065487934, 0.5432451054913346]",0.27712812921102037,1837,True,False,True
c9b6ab2c-36b4-4ee9-bc4e-1a63cb1590b7,1.0195275285813445,1.0195275285806153,1.0195275285805159,0.2874387210500043,34.67360621740112,-82.83226206433518,"[0.03925812253572231, -1.018771407832391, -0.9019109810386354, 0.4753871723976221, 0.8626528585029131, 0.5433842354347689]",0.27712812921102037,1837,True,False,True
6239cbb1-bf4c-471e-be1f-890a778af58e,1.0246098600194873,1.0246098600199347,1.0246098600184206,0.33734677078406183,34.67405610447947,-82.83226206433518,"[0.04744031690578409, -1.0235110070971312, -0.9101066915896163, 0.4706709838467855, 0.8626663746838322, 0.5528400232503455]",0.27712812921102037,1837,True,False,False
e33a7c36-8f7f-4bc7-b053-54f55c890e5e,1.0297539342944018,1.0297539342960411,1.0297539342931208,0.3872548242100119,34.674505991557815,-82.83226206433518,"[0.055622514477930096, -1.0282506023082414, -0.9183024002310934, 0.46595479049604793, 0.8626798857531632, 0.5622958118121936]",0.27712812921102037,1837,True,True,True
1e683ae3-a73e-4457-a587-085dbb419fa5,1.0194755754618936,1.0194755754611529,1.0194755754610674,0.3286705017667824,34.67360621740112,-82.83271195141353,"[0.03917672761659681, -1.0187225495900436, -0.9018279711000261, 0.4754332333441503, 0.8626512434834291, 0.5432893162458932]",0.27712812921102037,1837,True,False,True
7250aede-c77c-468f-b25a-45b6a36d4472,1.019437752420315,1.019437752419565,1.0194377524194902,0.3286705017667824,34.67360621740112,-82.83181217725684,"[0.039117517456701376, -1.018686973978966, -0.9017675566371378, 0.4754667230412431, 0.8626500391804364, 0.5432202509377226]",0.27712812921102037,1837,True,False,False
bd90ac5e-9f30-4582-9f5c-54eca933fcdc,1.019347991834554,1.0193479918337836,1.0193479918337331,0.36990228248356055,34.67360621740112,-82.83136229017849,"[0.03897691416482362, -1.0186025371487726, -0.9016241305512551, 0.47554627064876887, 0.8626472163864315, 0.5430562665000038]",0.27712812921102037,1837,True,False,True
3d6b4f5c-c488-449a-8284-c2d6435de91a,0.9981364075830823,0.9981364075830063,0.998136407583101,0.060925810917061236,34.67389461251987,-82.8341332036869,"[-0.003633702194663435, -0.9981297933715784, -0.8625889061806942, 0.5022117749985447, 0.8662226083753577, 0.49591801837303356]",0.27712812921102037,1837,True,False,True
0cb1a779-c071-4340-ad2c-7c68bdf0a47a,0.998088738443999,0.9980887384439039,0.9980887384440242,0.11083385932714732,34.67344472544152,-82.8341332036869,"[-0.0037821977533305075, -0.9980815722442941, -0.8624728976801505, 0.5023162653610534, 0.8662550954334809, 0.4957653068832405]",0.27712812921102037,1837,True,False,False
981ffc73-311c-4f88-aac2-78db9d7f11af,0.998215189202243,0.9982151892021981,0.9982151892022504,0.01969417311400893,34.67389461251987,-82.83368331660856,"[-0.003388319436687818, -0.9982094386000646, -0.862780572350813, 0.5020390899107366, 0.8661688917875008, 0.4961703486893281]",0.27712812921102037,1837,True,False,False
bae1a80a-5d8e-4d74-83d6-0a98d65b0a47,0.9981272471627213,0.9981272471626426,0.9981272471627416,0.06960222521492573,34.67434449959821,-82.83368331660856,"[-0.0036618894536054824, -0.9981205298755396, -0.8625667901283289, 0.5022315541328319, 0.8662286795819345, 0.4958889757427076]",0.27712812921102037,1837,True,False,False
437ebea5-9e6b-478d-a29c-246fb6dfe631,0.9980393761274217,0.9980393761273094,0.9980393761274551,0.11951028100420455,34.67479438667656,-82.83368331660856,"[-0.003935458146458023, -0.9980316170015517, -0.8623530049743374, 0.502424015133522, 0.8662884631207954, 0.49560760186802977]",0.27712812921102037,1837,True,False,False
744ce767-07e3-40b1-bb84-8555722e3128,0.9979668356642147,0.997966835664074,0.9979668356642586,0.16074147291892937,34.67479438667656,-82.83323342953021,"[-0.004161463997655801, -0.9979581591268053, -0.8621763856631262, 0.5025830130046844, 0.866337849660782, 0.49537514612212086]",0.27712812921102037,1837,True,False,True
8fae7822-2811-4dc2-9d00-91a9d534c978,0.9980410873078508,0.9980410873077371,0.9980410873078832,0.16074190404711652,34.672994838363174,-82.8341332036869,"[-0.003930691956287606, -0.9980333469780064, -0.8623568862729798, 0.5024207524799816, 0.8662875782292673, 0.49561259449802475]",0.27712812921102037,1837,True,False,True
953eec14-bc83-47d7-8c8e-bfc34fb0b9c5,1.0003161878760773,1.0003161878761164,1.0003161878724627,0.8410523344374194,34.67695093780922,-82.8354347377012,"[0.000267573995016525, -1.0003161521211885, -0.866432986493329, 0.4999263500854362, 0.8661654124983126, 0.5003898020357523]",7.199557856794634,1837,True,False,False
5a20152a-ce44-46d8-812f-5073827bab0f,1.000324923855541,1.0003249238550727,1.0003249238515066,0.9461747754209766,34.67765814566613,-82.8346712555593,"[0.0002751835084788283, -1.000324886036343, -0.8664443550423244, 0.49992412701101296, 0.8661691715338455, 0.50040075902533]",7.199557856794634,1837,True,False,False
902a2eb2-e22a-4f2e-9080-a017c7b9ea32,1.0004554605296943,1.0004554605229083,1.00045546053438,1.371471522212263,34.676697872002414,-82.83743346016078,"[0.00039928569662882666, -1.0004553808812287, -0.8666194179914599, 0.4998818987830662, 0.8662201322948312, 0.5005734820981627]",7.199557856794634,1837,True,False,False
55c0c277-83a0-46cb-b2cd-ea6b02b4a044,1.0003114065747425,1.0003114065692527,1.000311406577792,0.7601479959967441,34.671427440062565,-82.83477249251003,"[0.00026630692850547146, -1.0003113711565814, -0.86642821252605, 0.49992505691327044, 0.8661619055975445, 0.500386314243311]",7.199557856794634,1837,True,False,False
d65c1dd3-bd70-4490-9bc9-5c2da8f7e82c,1.0001590457455034,1.000159045743724,1.0001590457460439,0.2684357849655941,34.674766110737096,-82.83149999987926,"[0.0001338817606743948, -1.0001590368165705, -0.8662300745322469, 0.4999635733040181, 0.8660961927715723, 0.5001954635125524]",7.199557856794634,1837,True,False,False
486c4420-a93c-4793-8fee-92bb4e3f6c8b,1.000210186123083,1.000210186120129,1.0002101861244597,0.4184349808190022,34.67377584109062,-82.83261442342274,"[0.0001774551924501608, -1.0002101704126092, -0.8662961442418095, 0.49995140440276, 0.8661186890493594, 0.5002587660098492]",7.199557856794634,1837,True,False,False
302675215,1.0004019932735084,1.0004019932673052,1.0004019932779098,0.9920633393791337,34.6741564,-82.8356477,"[0.0003494229147797415, -1.0004019322800388, -0.8665481987535809, 0.4998983569188046, 0.8661987758388011, 0.5005035753612342]",7.199557856794634,1837,True,False,False
113984088,1.0004078386542143,1.0004078386480122,1.000407838658816,1.0285337212886219,34.6744666,-82.8357795,"[0.00035450910313385565, -1.000407775871678, -0.8665558025466613, 0.4998968739462335, 0.8662012934435275, 0.5005109019254445]",7.199557856794634,1837,True,False,False
f078b90d-1b3b-4f3c-9ce8-7191e1c0f8a1,1.0004085752298422,1.0004085752234937,1.0004085752341985,1.0311658756543538,34.67396253553774,-82.8352913704561,"[0.00035602870470639766, -1.0004085119076145, -0.8665571997731975, 0.4998959259506803, 0.866201171068491, 0.5005125859569343]",7.199557856794634,1837,True,False,False
296569828,1.0001095079821185,1.0001095079814732,1.000109507981853,0.1243614100147288,34.674651,-82.8329727,"[9.249905581544748e-05, -1.0001095037367536, -0.8661664862738702, 0.4999746452382003, 0.8660739872180546, 0.5001348584985533]",7.199557856794634,1837,True,False,False
295498746,1.000157386341399,1.0001573863396571,1.0001573863419122,0.2635902862904389,34.6747981,-82.831464,"[0.00013248250287168256, -1.0001573775987913, -0.8662279379785814, 0.49996395548794564, 0.8660954554757098, 0.5001934221108457]",7.199557856794634,1837,True,False,False
67086850-524a-4c64-b12d-a31a9e3279e5,1.000162458682219,1.0001624586822895,1.0001624586812121,0.26819815121622864,34.67561167428637,-82.83402672986128,"[0.00013633645387801946, -1.0001624494223351, -0.8662342572812415, 0.4999631537805333, 0.8660979208273635, 0.5001992956418018]",7.199557856794634,1837,True,False,False
d18f1899-f1d2-4178-b332-9b2c7518ff1c,1.0001298178692024,1.000129817868236,1.0001298178685618,0.2715934497782623,34.67346386133547,-82.83225439945566,"[0.00011227740201254917, -1.0001298115989323, -0.8661939625714284, 0.49996767061905, 0.8660816851694159, 0.5001621409798823]",7.199557856794634,1837,True,False,False
decc3e5b-e24a-4078-97d3-d34b50fb5fc8,1.0004016639139937,1.0004016639077948,1.0004016639183908,0.9910633402180158,34.67414771525664,-82.83564477659735,"[0.0003491153679600554, -1.0004016030278795, -0.8665477598394336, 0.4998984586360862, 0.8661986444714735, 0.5005031443917933]",7.199557856794634,1837,True,False,False
de10576a-aa0f-4038-996c-4d5448b524f5,1.0002900407741921,1.0002900407759376,1.0002900407714923,0.8772664513913174,34.67795572311708,-82.8368699910099,"[0.0002443203064971285, -1.0002900109693373, -0.8663987207473007, 0.499933417794556, 0.8661544004408036, 0.5003565931747814]",7.199557856794634,1837,True,False,False
0d723b81-d3cc-4b5e-9604-b94e1579d6da,1.000306138331098,1.0003061383314422,1.0003061383278191,0.7895113898752362,34.677414916089354,-82.8354055069469,"[0.00025853602712239826, -1.0003061049528197, -0.8664197664063373, 0.49992915361105456, 0.8661612303792148, 0.5003769513417652]",7.199557856794634,1837,True,False,False
e2b17ec5-7234-4634-99f3-13b33e8ee391,1.0002765924006116,1.0002765924018437,1.0002765923983112,0.6395113853919641,34.67876523545962,-82.8353204364696,"[0.00023256785927391752, -1.0002765653967431, -0.8663812003164306, 0.49993687292608574, 0.8661486324571568, 0.5003396924706575]",7.199557856794634,1837,True,False,False
ad21eec3-b245-4f80-a3e7-f2e2f56b33e5,1.0004066652945949,1.0004066652886718,1.0004066652999042,1.1578656580242075,34.67551068121881,-82.8364073886983,"[0.0003531355715151488, -1.0004066029980303, -0.8665541000426026, 0.4998974770226512, 0.8662009644710874, 0.5005091259753791]",7.199557856794634,1837,True,False,False
35affd0b-0310-47a0-852f-21aafab0bb12,1.0003248311620891,1.0003248311617352,1.0003248311579696,1.0460769308248357,34.677087559093025,-82.83382788718363,"[0.0002749012029971381, -1.000324793420515, -0.8664441336819292, 0.4999243251867593, 0.866169232478932, 0.500400468233756]",7.199557856794634,1837,True,False,False
129f96e7-ea7e-4cd5-bdb6-d50f6f7bf437,1.0004329375121723,1.000432937505658,1.0004329375168657,1.1795340931140303,34.675480397982774,-82.83687893263095,"[0.00037770165397522064, -1.000432866243754, -0.8665891277219313, 0.4998893337938382, 0.866211426067956, 0.5005435324499159]",7.199557856794634,1837,True,False,False
19bd08d3-a3aa-4eb9-95a0-141db869b8b8,1.0004557136100165,1.0004557136032142,1.0004557136147947,1.318968222838295,34.676416546435696,-82.83789415674269,"[0.00039956660987415163, -1.0004556338494257, -0.8666197775249982, 0.49988178198920413, 0.8662202109151241, 0.5005738518602216]",7.199557856794634,1837,True,False,False
113913040,1.0003114714152268,1.000311471409916,1.0003114714182801,0.7194358245701336,34.6717887,-82.8348507,"[0.0002663979750128987, -1.0003114359728917, -0.8664283141818651, 0.4999250104728576, 0.8661619162068521, 0.5003864255000342]",7.199557856794634,1837,True,False,False
11a8480b-1da6-49f2-8040-454036c30482,1.000352036893137,1.0003520368874284,1.000352036896792,0.8410633960162713,34.67284500375207,-82.83520626619944,"[0.00030323439236562463, -1.0003519909641596, -0.8664818540436289, 0.49991338669499386, 0.8661786196512633, 0.5004386042691659]",7.199557856794634,1837,True,False,False
dae7b755-4e43-4d99-abba-eebd2682834e,1.0001627699968165,1.0001627699968898,1.0001627699958062,0.26919815292325694,34.67562021452478,-82.83403022187656,"[0.00013659176264759908, -1.0001627607021009, -0.8662346545118105, 0.49996308831653585, 0.8660980627491629, 0.5001996723855651]",7.199557856794634,1837,True,False,False
7cb66b0f-7d12-40c3-9ac3-48e0ffa241d4,1.00020924382513,1.000209243825677,1.0002092438235983,0.41919830444190553,34.676901250285155,-82.83455402416861,"[0.00017513910869672772, -1.0002092285239637, -0.8662941704988953, 0.49995293924656586, 0.8661190313901986, 0.5002562892773976]",7.199557856794634,1837,True,False,False
9114e66f-a106-462e-926c-48a6fe17b5ce,1.0002763939359758,1.0002763939372141,1.0002763939336818,0.6385113852713539,34.678774237588755,-82.83531986933309,"[0.00023239641189855877, -1.0002763669719537, -0.8663809427518346, 0.4999369221914737, 0.8661485463399361, 0.50033944478048]",7.199557856794634,1837,True,False,False
9e1a569f-5918-48ff-84d5-50a341fb5b20,1.0002907639340883,1.0002907639356133,1.0002907639313148,0.75898832596733,34.67899936655315,-82.83660594094499,"[0.0002452418478728654, -1.0002907339036258, -0.8663998075974837, 0.499932981183451, 0.8661545657496108, 0.5003577527201749]",7.199557856794634,1837,True,False,False
4ed9d518-66f4-428c-884e-b116c0a94342,1.0004080063548104,1.000408006348606,1.0004080063594123,1.0295337263996953,34.67447331389393,-82.8357867810108,"[0.0003546610338681576, -1.0004079435184323, -0.8665560236983785, 0.49989682619373366, 0.8662013626645103, 0.5005111173246989]",7.199557856794634,1837,True,False,False
a8200e82-da3c-4729-ae6d-d48081aa6c3a,1.0002552738889634,1.0002552738899835,1.0002552738869102,0.5691982477534012,34.67818228604554,-82.83507782646066,"[0.0002141851955071417, -1.0002552509897042, -0.8663535501666455, 0.4999421355763658, 0.8661393649711384, 0.5003131154133384]",7.199557856794634,1837,True,False,False
41ba0b4f-87ad-492e-b9fb-2b283e689571,1.0002608834941402,1.0002608834900117,1.0002608834963524,0.5684349912806425,34.67278557144413,-82.83372884696622,"[0.0002215276533141722, -1.0002608589942645, -0.8663620780721554, 0.4999385808224429, 0.8661405504188412, 0.5003222781718215]",7.199557856794634,1837,True,False,False
29d18c94-50cc-4374-ab66-ee83ee1e45e7,1.0003111378725413,1.0003111378672385,1.000311137875589,0.7184358163367592,34.671795301797644,-82.83484327050971,"[0.00026609915705296834, -1.0003111025097324, -0.8664278759853141, 0.49992510252522515, 0.8661617768282612, 0.5003859999845073]",7.199557856794634,1837,True,False,False
